{
  "k_folds": 5,
  "best_dice_per_fold": [
    0.7124456763267517,
    0.7459813952445984,
    0.5754599571228027,
    0.5334542989730835,
    0.6272067427635193
  ],
  "mean_best_dice": 0.6389096140861511,
  "std_best_dice": 0.08019421249628067,
  "device": "cuda"
}