,fold,fold,accuracy,accuracy,precision,precision,recall_sensitivity,recall_sensitivity,f1,f1,roc_auc,roc_auc
,mean,std,mean,std,mean,std,mean,std,mean,std,mean,std
model,,,,,,,,,,,,
logreg,2.0,1.5811388300841898,0.9097115384615385,0.02537657852815974,0.9819238266606687,0.02150058663649173,0.9166969147005444,0.030928965929400382,0.9477615905884708,0.01540308346965605,0.9629634430904849,0.02036735047066463
rf,2.0,1.5811388300841898,0.9096634615384616,0.013002341405555671,0.9219271738309285,0.012662830365484611,0.9826376285541439,0.01240648838312694,0.9512274653451124,0.007357645871163269,0.9540748422781091,0.01943766479784201
